year,months,month_num,inflat_rate
1914,Jan,1,2
1914,Feb,2,1
1914,Mar,3,1
1914,Apr,4,0
1914,May,5,2.1
1914,Jun,6,1
1914,Jul,7,1
1914,Aug,8,3
1914,Sep,9,2
1914,Oct,10,1
1914,Nov,11,1
1914,Dec,12,1
1914,Ave,NA,1
1915,Jan,1,1
1915,Feb,2,1
1915,Mar,3,0
1915,Apr,4,2
1915,May,5,2
1915,Jun,6,2
1915,Jul,7,1
1915,Aug,8,-1
1915,Sep,9,-1
1915,Oct,10,1
1915,Nov,11,1
1915,Dec,12,2
1915,Ave,NA,1
1916,Jan,1,3
1916,Feb,2,4
1916,Mar,3,6.1
1916,Apr,4,6
1916,May,5,5.9
1916,Jun,6,6.9
1916,Jul,7,6.9
1916,Aug,8,7.9
1916,Sep,9,9.9
1916,Oct,10,10.8
1916,Nov,11,11.7
1916,Dec,12,12.6
1916,Ave,NA,7.9
1917,Jan,1,12.5
1917,Feb,2,15.4
1917,Mar,3,14.3
1917,Apr,4,18.9
1917,May,5,19.6
1917,Jun,6,20.4
1917,Jul,7,18.5
1917,Aug,8,19.3
1917,Sep,9,19.8
1917,Oct,10,19.5
1917,Nov,11,17.4
1917,Dec,12,18.1
1917,Ave,NA,17.4
1918,Jan,1,19.7
1918,Feb,2,17.5
1918,Mar,3,16.7
1918,Apr,4,12.7
1918,May,5,13.3
1918,Jun,6,13.1
1918,Jul,7,18
1918,Aug,8,18.5
1918,Sep,9,18
1918,Oct,10,18.5
1918,Nov,11,20.7
1918,Dec,12,20.4
1918,Ave,NA,18
1919,Jan,1,17.9
1919,Feb,2,14.9
1919,Mar,3,17.1
1919,Apr,4,17.6
1919,May,5,16.6
1919,Jun,6,15
1919,Jul,7,15.2
1919,Aug,8,14.9
1919,Sep,9,13.4
1919,Oct,10,13.1
1919,Nov,11,13.5
1919,Dec,12,14.5
1919,Ave,NA,14.6
1920,Jan,1,17
1920,Feb,2,20.4
1920,Mar,3,20.1
1920,Apr,4,21.6
1920,May,5,21.9
1920,Jun,6,23.7
1920,Jul,7,19.5
1920,Aug,8,14.7
1920,Sep,9,12.4
1920,Oct,10,9.9
1920,Nov,11,7
1920,Dec,12,2.6
1920,Ave,NA,15.6
1921,Jan,1,-1.6
1921,Feb,2,-5.6
1921,Mar,3,-7.1
1921,Apr,4,-10.8
1921,May,5,-14.1
1921,Jun,6,-15.8
1921,Jul,7,-14.9
1921,Aug,8,-12.8
1921,Sep,9,-12.5
1921,Oct,10,-12.1
1921,Nov,11,-12.1
1921,Dec,12,-10.8
1921,Ave,NA,-10.5
1922,Jan,1,-11.1
1922,Feb,2,-8.2
1922,Mar,3,-8.7
1922,Apr,4,-7.7
1922,May,5,-5.6
1922,Jun,6,-5.1
1922,Jul,7,-5.1
1922,Aug,8,-6.2
1922,Sep,9,-5.1
1922,Oct,10,-4.6
1922,Nov,11,-3.4
1922,Dec,12,-2.3
1922,Ave,NA,-6.1
1923,Jan,1,-0.6
1923,Feb,2,-0.6
1923,Mar,3,0.6
1923,Apr,4,1.2
1923,May,5,1.2
1923,Jun,6,1.8
1923,Jul,7,2.4
1923,Aug,8,3
1923,Sep,9,3.6
1923,Oct,10,3.6
1923,Nov,11,3
1923,Dec,12,2.4
1923,Ave,NA,1.8
1924,Jan,1,3
1924,Feb,2,2.4
1924,Mar,3,1.8
1924,Apr,4,0.6
1924,May,5,0.6
1924,Jun,6,0
1924,Jul,7,-0.6
1924,Aug,8,-0.6
1924,Sep,9,-0.6
1924,Oct,10,-0.6
1924,Nov,11,-0.6
1924,Dec,12,0
1924,Ave,NA,0
1925,Jan,1,0
1925,Feb,2,0
1925,Mar,3,1.2
1925,Apr,4,1.2
1925,May,5,1.8
1925,Jun,6,2.9
1925,Jul,7,3.5
1925,Aug,8,4.1
1925,Sep,9,3.5
1925,Oct,10,2.9
1925,Nov,11,4.7
1925,Dec,12,3.5
1925,Ave,NA,2.3
1926,Jan,1,3.5
1926,Feb,2,4.1
1926,Mar,3,2.9
1926,Apr,4,4.1
1926,May,5,2.9
1926,Jun,6,1.1
1926,Jul,7,-1.1
1926,Aug,8,-1.7
1926,Sep,9,-1.1
1926,Oct,10,-0.6
1926,Nov,11,-1.7
1926,Dec,12,-1.1
1926,Ave,NA,1.1
1927,Jan,1,-2.2
1927,Feb,2,-2.8
1927,Mar,3,-2.8
1927,Apr,4,-3.4
1927,May,5,-2.2
1927,Jun,6,-0.6
1927,Jul,7,-1.1
1927,Aug,8,-1.1
1927,Sep,9,-1.1
1927,Oct,10,-1.1
1927,Nov,11,-2.3
1927,Dec,12,-2.3
1927,Ave,NA,-1.7
1928,Jan,1,-1.1
1928,Feb,2,-1.7
1928,Mar,3,-1.2
1928,Apr,4,-1.2
1928,May,5,-1.1
1928,Jun,6,-2.8
1928,Jul,7,-1.2
1928,Aug,8,-0.6
1928,Sep,9,0
1928,Oct,10,-1.1
1928,Nov,11,-0.6
1928,Dec,12,-1.2
1928,Ave,NA,-1.7
1929,Jan,1,-1.2
1929,Feb,2,0
1929,Mar,3,-0.6
1929,Apr,4,-1.2
1929,May,5,-1.2
1929,Jun,6,0
1929,Jul,7,1.2
1929,Aug,8,1.2
1929,Sep,9,0
1929,Oct,10,0.6
1929,Nov,11,0.6
1929,Dec,12,0.6
1929,Ave,NA,0
1930,Jan,1,0
1930,Feb,2,-0.6
1930,Mar,3,-0.6
1930,Apr,4,0.6
1930,May,5,-0.6
1930,Jun,6,-1.8
1930,Jul,7,-4
1930,Aug,8,-4.6
1930,Sep,9,-4
1930,Oct,10,-4.6
1930,Nov,11,-5.2
1930,Dec,12,-6.4
1930,Ave,NA,-2.3
1931,Jan,1,-7
1931,Feb,2,-7.6
1931,Mar,3,-7.7
1931,Apr,4,-8.8
1931,May,5,-9.5
1931,Jun,6,-10.1
1931,Jul,7,-9
1931,Aug,8,-8.5
1931,Sep,9,-9.6
1931,Oct,10,-9.7
1931,Nov,11,-10.4
1931,Dec,12,-9.3
1931,Ave,NA,-9
1932,Jan,1,-10.1
1932,Feb,2,-10.2
1932,Mar,3,-10.3
1932,Apr,4,-10.3
1932,May,5,-10.5
1932,Jun,6,-9.9
1932,Jul,7,-9.9
1932,Aug,8,-10.6
1932,Sep,9,-10.7
1932,Oct,10,-10.7
1932,Nov,11,-10.2
1932,Dec,12,-10.3
1932,Ave,NA,-9.9
1933,Jan,1,-9.8
1933,Feb,2,-9.9
1933,Mar,3,-10
1933,Apr,4,-9.4
1933,May,5,-8
1933,Jun,6,-6.6
1933,Jul,7,-3.7
1933,Aug,8,-2.2
1933,Sep,9,-1.5
1933,Oct,10,-0.8
1933,Nov,11,0
1933,Dec,12,0.8
1933,Ave,NA,-5.1
1934,Jan,1,2.3
1934,Feb,2,4.7
1934,Mar,3,5.6
1934,Apr,4,5.6
1934,May,5,5.6
1934,Jun,6,5.5
1934,Jul,7,2.3
1934,Aug,8,1.5
1934,Sep,9,3
1934,Oct,10,2.3
1934,Nov,11,2.3
1934,Dec,12,1.5
1934,Ave,NA,3.1
1935,Jan,1,3
1935,Feb,2,3
1935,Mar,3,3
1935,Apr,4,3.8
1935,May,5,3.8
1935,Jun,6,2.2
1935,Jul,7,2.2
1935,Aug,8,2.2
1935,Sep,9,0.7
1935,Oct,10,1.5
1935,Nov,11,2.2
1935,Dec,12,3
1935,Ave,NA,2.2
1936,Jan,1,1.5
1936,Feb,2,0.7
1936,Mar,3,0
1936,Apr,4,-0.7
1936,May,5,-0.7
1936,Jun,6,0.7
1936,Jul,7,1.5
1936,Aug,8,2.2
1936,Sep,9,2.2
1936,Oct,10,2.2
1936,Nov,11,1.4
1936,Dec,12,1.4
1936,Ave,NA,1.5
1937,Jan,1,2.2
1937,Feb,2,2.2
1937,Mar,3,3.6
1937,Apr,4,4.4
1937,May,5,5.1
1937,Jun,6,4.3
1937,Jul,7,4.3
1937,Aug,8,3.6
1937,Sep,9,4.3
1937,Oct,10,4.3
1937,Nov,11,3.6
1937,Dec,12,2.9
1937,Ave,NA,3.6
1938,Jan,1,0.7
1938,Feb,2,0
1938,Mar,3,-0.7
1938,Apr,4,-0.7
1938,May,5,-2.1
1938,Jun,6,-2.1
1938,Jul,7,-2.8
1938,Aug,8,-2.8
1938,Sep,9,-3.4
1938,Oct,10,-4.1
1938,Nov,11,-3.4
1938,Dec,12,-2.8
1938,Ave,NA,-2.1
1939,Jan,1,-1.4
1939,Feb,2,-1.4
1939,Mar,3,-1.4
1939,Apr,4,-2.8
1939,May,5,-2.1
1939,Jun,6,-2.1
1939,Jul,7,-2.1
1939,Aug,8,-2.1
1939,Sep,9,0
1939,Oct,10,0
1939,Nov,11,0
1939,Dec,12,0
1939,Ave,NA,-1.4
1940,Jan,1,-0.7
1940,Feb,2,0.7
1940,Mar,3,0.7
1940,Apr,4,1.4
1940,May,5,1.4
1940,Jun,6,2.2
1940,Jul,7,1.4
1940,Aug,8,1.4
1940,Sep,9,-0.7
1940,Oct,10,0
1940,Nov,11,0
1940,Dec,12,0.7
1940,Ave,NA,0.7
1941,Jan,1,1.4
1941,Feb,2,0.7
1941,Mar,3,1.4
1941,Apr,4,2.1
1941,May,5,2.9
1941,Jun,6,4.3
1941,Jul,7,5
1941,Aug,8,6.4
1941,Sep,9,7.9
1941,Oct,10,9.3
1941,Nov,11,10
1941,Dec,12,9.9
1941,Ave,NA,5
1942,Jan,1,11.3
1942,Feb,2,12.1
1942,Mar,3,12.7
1942,Apr,4,12.6
1942,May,5,13.2
1942,Jun,6,10.9
1942,Jul,7,11.6
1942,Aug,8,10.7
1942,Sep,9,9.3
1942,Oct,10,9.2
1942,Nov,11,9.1
1942,Dec,12,9
1942,Ave,NA,10.9
1943,Jan,1,7.6
1943,Feb,2,7
1943,Mar,3,7.5
1943,Apr,4,8.1
1943,May,5,7.4
1943,Jun,6,7.4
1943,Jul,7,6.1
1943,Aug,8,4.8
1943,Sep,9,5.5
1943,Oct,10,4.2
1943,Nov,11,3.6
1943,Dec,12,3
1943,Ave,NA,6.1
1944,Jan,1,3
1944,Feb,2,3
1944,Mar,3,1.2
1944,Apr,4,0.6
1944,May,5,0
1944,Jun,6,0.6
1944,Jul,7,1.7
1944,Aug,8,2.3
1944,Sep,9,1.7
1944,Oct,10,1.7
1944,Nov,11,1.7
1944,Dec,12,2.3
1944,Ave,NA,1.7
1945,Jan,1,2.3
1945,Feb,2,2.3
1945,Mar,3,2.3
1945,Apr,4,1.7
1945,May,5,2.3
1945,Jun,6,2.8
1945,Jul,7,2.3
1945,Aug,8,2.3
1945,Sep,9,2.3
1945,Oct,10,2.3
1945,Nov,11,2.3
1945,Dec,12,2.2
1945,Ave,NA,2.3
1946,Jan,1,2.2
1946,Feb,2,1.7
1946,Mar,3,2.8
1946,Apr,4,3.4
1946,May,5,3.4
1946,Jun,6,3.3
1946,Jul,7,9.4
1946,Aug,8,11.6
1946,Sep,9,12.7
1946,Oct,10,14.9
1946,Nov,11,17.7
1946,Dec,12,18.1
1946,Ave,NA,8.3
1947,Jan,1,18.1
1947,Feb,2,18.8
1947,Mar,3,19.7
1947,Apr,4,19
1947,May,5,18.4
1947,Jun,6,17.6
1947,Jul,7,12.1
1947,Aug,8,11.4
1947,Sep,9,12.7
1947,Oct,10,10.6
1947,Nov,11,8.5
1947,Dec,12,8.8
1947,Ave,NA,14.4
1948,Jan,1,10.2
1948,Feb,2,9.3
1948,Mar,3,6.8
1948,Apr,4,8.7
1948,May,5,9.1
1948,Jun,6,9.5
1948,Jul,7,9.9
1948,Aug,8,8.9
1948,Sep,9,6.5
1948,Oct,10,6.1
1948,Nov,11,4.8
1948,Dec,12,3
1948,Ave,NA,8.1
1949,Jan,1,1.3
1949,Feb,2,1.3
1949,Mar,3,1.7
1949,Apr,4,0.4
1949,May,5,-0.4
1949,Jun,6,-0.8
1949,Jul,7,-2.9
1949,Aug,8,-2.9
1949,Sep,9,-2.4
1949,Oct,10,-2.9
1949,Nov,11,-1.7
1949,Dec,12,-2.1
1949,Ave,NA,-1.2
1950,Jan,1,-2.1
1950,Feb,2,-1.3
1950,Mar,3,-0.8
1950,Apr,4,-1.3
1950,May,5,-0.4
1950,Jun,6,-0.4
1950,Jul,7,1.7
1950,Aug,8,2.1
1950,Sep,9,2.1
1950,Oct,10,3.8
1950,Nov,11,3.8
1950,Dec,12,5.9
1950,Ave,NA,1.3
1951,Jan,1,8.1
1951,Feb,2,9.4
1951,Mar,3,9.3
1951,Apr,4,9.3
1951,May,5,9.3
1951,Jun,6,8.8
1951,Jul,7,7.5
1951,Aug,8,6.6
1951,Sep,9,7
1951,Oct,10,6.5
1951,Nov,11,6.9
1951,Dec,12,6
1951,Ave,NA,7.9
1952,Jan,1,4.3
1952,Feb,2,2.3
1952,Mar,3,1.9
1952,Apr,4,2.3
1952,May,5,1.9
1952,Jun,6,2.3
1952,Jul,7,3.1
1952,Aug,8,3.1
1952,Sep,9,2.3
1952,Oct,10,1.9
1952,Nov,11,1.1
1952,Dec,12,0.8
1952,Ave,NA,1.9
1953,Jan,1,0.4
1953,Feb,2,0.8
1953,Mar,3,1.1
1953,Apr,4,0.8
1953,May,5,1.1
1953,Jun,6,1.1
1953,Jul,7,0.4
1953,Aug,8,0.7
1953,Sep,9,0.7
1953,Oct,10,1.1
1953,Nov,11,0.7
1953,Dec,12,0.7
1953,Ave,NA,0.8
1954,Jan,1,1.1
1954,Feb,2,1.5
1954,Mar,3,1.1
1954,Apr,4,0.8
1954,May,5,0.7
1954,Jun,6,0.4
1954,Jul,7,0.4
1954,Aug,8,0
1954,Sep,9,-0.4
1954,Oct,10,-0.7
1954,Nov,11,-0.4
1954,Dec,12,-0.7
1954,Ave,NA,0.7
1955,Jan,1,-0.7
1955,Feb,2,-0.7
1955,Mar,3,-0.7
1955,Apr,4,-0.4
1955,May,5,-0.7
1955,Jun,6,-0.7
1955,Jul,7,-0.4
1955,Aug,8,-0.4
1955,Sep,9,0.4
1955,Oct,10,0.4
1955,Nov,11,0.4
1955,Dec,12,0.4
1955,Ave,NA,-0.4
1956,Jan,1,0.4
1956,Feb,2,0.4
1956,Mar,3,0.4
1956,Apr,4,0.7
1956,May,5,1.1
1956,Jun,6,1.9
1956,Jul,7,2.2
1956,Aug,8,1.9
1956,Sep,9,1.9
1956,Oct,10,2.2
1956,Nov,11,2.2
1956,Dec,12,3
1956,Ave,NA,1.5
1957,Jan,1,3
1957,Feb,2,3.4
1957,Mar,3,3.7
1957,Apr,4,3.7
1957,May,5,3.7
1957,Jun,6,3.3
1957,Jul,7,3.3
1957,Aug,8,3.7
1957,Sep,9,3.3
1957,Oct,10,2.9
1957,Nov,11,3.3
1957,Dec,12,2.9
1957,Ave,NA,3.3
1958,Jan,1,3.6
1958,Feb,2,3.2
1958,Mar,3,3.6
1958,Apr,4,3.6
1958,May,5,3.2
1958,Jun,6,2.8
1958,Jul,7,2.5
1958,Aug,8,2.1
1958,Sep,9,2.1
1958,Oct,10,2.1
1958,Nov,11,2.1
1958,Dec,12,1.8
1958,Ave,NA,2.8
1959,Jan,1,1.4
1959,Feb,2,1
1959,Mar,3,0.3
1959,Apr,4,0.3
1959,May,5,0.3
1959,Jun,6,0.7
1959,Jul,7,0.7
1959,Aug,8,1
1959,Sep,9,1.4
1959,Oct,10,1.7
1959,Nov,11,1.4
1959,Dec,12,1.7
1959,Ave,NA,0.7
1960,Jan,1,1
1960,Feb,2,1.7
1960,Mar,3,1.7
1960,Apr,4,1.7
1960,May,5,1.7
1960,Jun,6,1.7
1960,Jul,7,1.4
1960,Aug,8,1.4
1960,Sep,9,1
1960,Oct,10,1.4
1960,Nov,11,1.4
1960,Dec,12,1.4
1960,Ave,NA,1.7
1961,Jan,1,1.7
1961,Feb,2,1.4
1961,Mar,3,1.4
1961,Apr,4,1
1961,May,5,1
1961,Jun,6,0.7
1961,Jul,7,1.4
1961,Aug,8,1
1961,Sep,9,1.4
1961,Oct,10,0.7
1961,Nov,11,0.7
1961,Dec,12,0.7
1961,Ave,NA,1
1962,Jan,1,0.7
1962,Feb,2,1
1962,Mar,3,1
1962,Apr,4,1.3
1962,May,5,1.3
1962,Jun,6,1.3
1962,Jul,7,1
1962,Aug,8,1.3
1962,Sep,9,1.3
1962,Oct,10,1.3
1962,Nov,11,1.3
1962,Dec,12,1.3
1962,Ave,NA,1
1963,Jan,1,1.3
1963,Feb,2,1
1963,Mar,3,1.3
1963,Apr,4,1
1963,May,5,1
1963,Jun,6,1.3
1963,Jul,7,1.3
1963,Aug,8,1.3
1963,Sep,9,1
1963,Oct,10,1.3
1963,Nov,11,1.3
1963,Dec,12,1.6
1963,Ave,NA,1.3
1964,Jan,1,1.6
1964,Feb,2,1.6
1964,Mar,3,1.3
1964,Apr,4,1.3
1964,May,5,1.3
1964,Jun,6,1.3
1964,Jul,7,1.3
1964,Aug,8,1
1964,Sep,9,1.3
1964,Oct,10,1
1964,Nov,11,1.3
1964,Dec,12,1
1964,Ave,NA,1.3
1965,Jan,1,1
1965,Feb,2,1
1965,Mar,3,1.3
1965,Apr,4,1.6
1965,May,5,1.6
1965,Jun,6,1.9
1965,Jul,7,1.6
1965,Aug,8,1.9
1965,Sep,9,1.6
1965,Oct,10,1.9
1965,Nov,11,1.6
1965,Dec,12,1.9
1965,Ave,NA,1.6
1966,Jan,1,1.9
1966,Feb,2,2.6
1966,Mar,3,2.6
1966,Apr,4,2.9
1966,May,5,2.9
1966,Jun,6,2.5
1966,Jul,7,2.8
1966,Aug,8,3.5
1966,Sep,9,3.5
1966,Oct,10,3.8
1966,Nov,11,3.8
1966,Dec,12,3.5
1966,Ave,NA,2.9
1967,Jan,1,3.5
1967,Feb,2,2.8
1967,Mar,3,2.8
1967,Apr,4,2.5
1967,May,5,2.8
1967,Jun,6,2.8
1967,Jul,7,2.8
1967,Aug,8,2.4
1967,Sep,9,2.8
1967,Oct,10,2.4
1967,Nov,11,2.7
1967,Dec,12,3
1967,Ave,NA,3.1
1968,Jan,1,3.6
1968,Feb,2,4
1968,Mar,3,3.9
1968,Apr,4,3.9
1968,May,5,3.9
1968,Jun,6,4.2
1968,Jul,7,4.5
1968,Aug,8,4.5
1968,Sep,9,4.5
1968,Oct,10,4.7
1968,Nov,11,4.7
1968,Dec,12,4.7
1968,Ave,NA,4.2
1969,Jan,1,4.4
1969,Feb,2,4.7
1969,Mar,3,5.2
1969,Apr,4,5.5
1969,May,5,5.5
1969,Jun,6,5.5
1969,Jul,7,5.4
1969,Aug,8,5.7
1969,Sep,9,5.7
1969,Oct,10,5.7
1969,Nov,11,5.9
1969,Dec,12,6.2
1969,Ave,NA,5.5
1970,Jan,1,6.2
1970,Feb,2,6.1
1970,Mar,3,5.8
1970,Apr,4,6.1
1970,May,5,6
1970,Jun,6,6
1970,Jul,7,6
1970,Aug,8,5.4
1970,Sep,9,5.7
1970,Oct,10,5.6
1970,Nov,11,5.6
1970,Dec,12,5.6
1970,Ave,NA,5.7
1971,Jan,1,5.3
1971,Feb,2,5
1971,Mar,3,4.7
1971,Apr,4,4.2
1971,May,5,4.4
1971,Jun,6,4.6
1971,Jul,7,4.4
1971,Aug,8,4.6
1971,Sep,9,4.1
1971,Oct,10,3.8
1971,Nov,11,3.3
1971,Dec,12,3.3
1971,Ave,NA,4.4
1972,Jan,1,3.3
1972,Feb,2,3.5
1972,Mar,3,3.5
1972,Apr,4,3.5
1972,May,5,3.2
1972,Jun,6,2.7
1972,Jul,7,2.9
1972,Aug,8,2.9
1972,Sep,9,3.2
1972,Oct,10,3.4
1972,Nov,11,3.7
1972,Dec,12,3.4
1972,Ave,NA,3.2
1973,Jan,1,3.6
1973,Feb,2,3.9
1973,Mar,3,4.6
1973,Apr,4,5.1
1973,May,5,5.5
1973,Jun,6,6
1973,Jul,7,5.7
1973,Aug,8,7.4
1973,Sep,9,7.4
1973,Oct,10,7.8
1973,Nov,11,8.3
1973,Dec,12,8.7
1973,Ave,NA,6.2
1974,Jan,1,9.4
1974,Feb,2,10
1974,Mar,3,10.4
1974,Apr,4,10.1
1974,May,5,10.7
1974,Jun,6,10.9
1974,Jul,7,11.5
1974,Aug,8,10.9
1974,Sep,9,11.9
1974,Oct,10,12.1
1974,Nov,11,12.2
1974,Dec,12,12.3
1974,Ave,NA,11
1975,Jan,1,11.8
1975,Feb,2,11.2
1975,Mar,3,10.3
1975,Apr,4,10.2
1975,May,5,9.5
1975,Jun,6,9.4
1975,Jul,7,9.7
1975,Aug,8,8.6
1975,Sep,9,7.9
1975,Oct,10,7.4
1975,Nov,11,7.4
1975,Dec,12,6.9
1975,Ave,NA,9.1
1976,Jan,1,6.7
1976,Feb,2,6.3
1976,Mar,3,6.1
1976,Apr,4,6
1976,May,5,6.2
1976,Jun,6,6
1976,Jul,7,5.4
1976,Aug,8,5.7
1976,Sep,9,5.5
1976,Oct,10,5.5
1976,Nov,11,4.9
1976,Dec,12,4.9
1976,Ave,NA,5.8
1977,Jan,1,5.2
1977,Feb,2,5.9
1977,Mar,3,6.4
1977,Apr,4,7
1977,May,5,6.7
1977,Jun,6,6.9
1977,Jul,7,6.8
1977,Aug,8,6.6
1977,Sep,9,6.6
1977,Oct,10,6.4
1977,Nov,11,6.7
1977,Dec,12,6.7
1977,Ave,NA,6.5
1978,Jan,1,6.8
1978,Feb,2,6.4
1978,Mar,3,6.6
1978,Apr,4,6.5
1978,May,5,7
1978,Jun,6,7.4
1978,Jul,7,7.7
1978,Aug,8,7.8
1978,Sep,9,8.3
1978,Oct,10,8.9
1978,Nov,11,8.9
1978,Dec,12,9
1978,Ave,NA,7.6
1979,Jan,1,9.3
1979,Feb,2,9.9
1979,Mar,3,10.1
1979,Apr,4,10.5
1979,May,5,10.9
1979,Jun,6,10.9
1979,Jul,7,11.3
1979,Aug,8,11.8
1979,Sep,9,12.2
1979,Oct,10,12.1
1979,Nov,11,12.6
1979,Dec,12,13.3
1979,Ave,NA,11.3
1980,Jan,1,13.9
1980,Feb,2,14.2
1980,Mar,3,14.8
1980,Apr,4,14.7
1980,May,5,14.4
1980,Jun,6,14.4
1980,Jul,7,13.1
1980,Aug,8,12.9
1980,Sep,9,12.6
1980,Oct,10,12.8
1980,Nov,11,12.6
1980,Dec,12,12.5
1980,Ave,NA,13.5
1981,Jan,1,11.8
1981,Feb,2,11.4
1981,Mar,3,10.5
1981,Apr,4,10
1981,May,5,9.8
1981,Jun,6,9.6
1981,Jul,7,10.8
1981,Aug,8,10.8
1981,Sep,9,11
1981,Oct,10,10.1
1981,Nov,11,9.6
1981,Dec,12,8.9
1981,Ave,NA,10.3
1982,Jan,1,8.4
1982,Feb,2,7.6
1982,Mar,3,6.8
1982,Apr,4,6.5
1982,May,5,6.7
1982,Jun,6,7.1
1982,Jul,7,6.4
1982,Aug,8,5.9
1982,Sep,9,5
1982,Oct,10,5.1
1982,Nov,11,4.6
1982,Dec,12,3.8
1982,Ave,NA,6.2
1983,Jan,1,3.7
1983,Feb,2,3.5
1983,Mar,3,3.6
1983,Apr,4,3.9
1983,May,5,3.5
1983,Jun,6,2.6
1983,Jul,7,2.5
1983,Aug,8,2.6
1983,Sep,9,2.9
1983,Oct,10,2.9
1983,Nov,11,3.3
1983,Dec,12,3.8
1983,Ave,NA,3.2
1984,Jan,1,4.2
1984,Feb,2,4.6
1984,Mar,3,4.8
1984,Apr,4,4.6
1984,May,5,4.2
1984,Jun,6,4.2
1984,Jul,7,4.2
1984,Aug,8,4.3
1984,Sep,9,4.3
1984,Oct,10,4.3
1984,Nov,11,4.1
1984,Dec,12,3.9
1984,Ave,NA,4.3
1985,Jan,1,3.5
1985,Feb,2,3.5
1985,Mar,3,3.7
1985,Apr,4,3.7
1985,May,5,3.8
1985,Jun,6,3.8
1985,Jul,7,3.6
1985,Aug,8,3.3
1985,Sep,9,3.1
1985,Oct,10,3.2
1985,Nov,11,3.5
1985,Dec,12,3.8
1985,Ave,NA,3.6
1986,Jan,1,3.9
1986,Feb,2,3.1
1986,Mar,3,2.3
1986,Apr,4,1.6
1986,May,5,1.5
1986,Jun,6,1.8
1986,Jul,7,1.6
1986,Aug,8,1.6
1986,Sep,9,1.8
1986,Oct,10,1.5
1986,Nov,11,1.3
1986,Dec,12,1.1
1986,Ave,NA,1.9
1987,Jan,1,1.5
1987,Feb,2,2.1
1987,Mar,3,3
1987,Apr,4,3.8
1987,May,5,3.9
1987,Jun,6,3.7
1987,Jul,7,3.9
1987,Aug,8,4.3
1987,Sep,9,4.4
1987,Oct,10,4.5
1987,Nov,11,4.5
1987,Dec,12,4.4
1987,Ave,NA,3.6
1988,Jan,1,4
1988,Feb,2,3.9
1988,Mar,3,3.9
1988,Apr,4,3.9
1988,May,5,3.9
1988,Jun,6,4
1988,Jul,7,4.1
1988,Aug,8,4
1988,Sep,9,4.2
1988,Oct,10,4.2
1988,Nov,11,4.2
1988,Dec,12,4.4
1988,Ave,NA,4.1
1989,Jan,1,4.7
1989,Feb,2,4.8
1989,Mar,3,5
1989,Apr,4,5.1
1989,May,5,5.4
1989,Jun,6,5.2
1989,Jul,7,5
1989,Aug,8,4.7
1989,Sep,9,4.3
1989,Oct,10,4.5
1989,Nov,11,4.7
1989,Dec,12,4.6
1989,Ave,NA,4.8
1990,Jan,1,5.2
1990,Feb,2,5.3
1990,Mar,3,5.2
1990,Apr,4,4.7
1990,May,5,4.4
1990,Jun,6,4.7
1990,Jul,7,4.8
1990,Aug,8,5.6
1990,Sep,9,6.2
1990,Oct,10,6.3
1990,Nov,11,6.3
1990,Dec,12,6.1
1990,Ave,NA,5.4
1991,Jan,1,5.7
1991,Feb,2,5.3
1991,Mar,3,4.9
1991,Apr,4,4.9
1991,May,5,5
1991,Jun,6,4.7
1991,Jul,7,4.4
1991,Aug,8,3.8
1991,Sep,9,3.4
1991,Oct,10,2.9
1991,Nov,11,3
1991,Dec,12,3.1
1991,Ave,NA,4.2
1992,Jan,1,2.6
1992,Feb,2,2.8
1992,Mar,3,3.2
1992,Apr,4,3.2
1992,May,5,3
1992,Jun,6,3.1
1992,Jul,7,3.2
1992,Aug,8,3.1
1992,Sep,9,3
1992,Oct,10,3.2
1992,Nov,11,3
1992,Dec,12,2.9
1992,Ave,NA,3
1993,Jan,1,3.3
1993,Feb,2,3.2
1993,Mar,3,3.1
1993,Apr,4,3.2
1993,May,5,3.2
1993,Jun,6,3
1993,Jul,7,2.8
1993,Aug,8,2.8
1993,Sep,9,2.7
1993,Oct,10,2.8
1993,Nov,11,2.7
1993,Dec,12,2.7
1993,Ave,NA,3
1994,Jan,1,2.5
1994,Feb,2,2.5
1994,Mar,3,2.5
1994,Apr,4,2.4
1994,May,5,2.3
1994,Jun,6,2.5
1994,Jul,7,2.8
1994,Aug,8,2.9
1994,Sep,9,3
1994,Oct,10,2.6
1994,Nov,11,2.7
1994,Dec,12,2.7
1994,Ave,NA,2.6
1995,Jan,1,2.8
1995,Feb,2,2.9
1995,Mar,3,2.9
1995,Apr,4,3.1
1995,May,5,3.2
1995,Jun,6,3
1995,Jul,7,2.8
1995,Aug,8,2.6
1995,Sep,9,2.5
1995,Oct,10,2.8
1995,Nov,11,2.6
1995,Dec,12,2.5
1995,Ave,NA,2.8
1996,Jan,1,2.7
1996,Feb,2,2.7
1996,Mar,3,2.8
1996,Apr,4,2.9
1996,May,5,2.9
1996,Jun,6,2.8
1996,Jul,7,3
1996,Aug,8,2.9
1996,Sep,9,3
1996,Oct,10,3
1996,Nov,11,3.3
1996,Dec,12,3.3
1996,Ave,NA,3
1997,Jan,1,3
1997,Feb,2,3
1997,Mar,3,2.8
1997,Apr,4,2.5
1997,May,5,2.2
1997,Jun,6,2.3
1997,Jul,7,2.2
1997,Aug,8,2.2
1997,Sep,9,2.2
1997,Oct,10,2.1
1997,Nov,11,1.8
1997,Dec,12,1.7
1997,Ave,NA,2.3
1998,Jan,1,1.6
1998,Feb,2,1.4
1998,Mar,3,1.4
1998,Apr,4,1.4
1998,May,5,1.7
1998,Jun,6,1.7
1998,Jul,7,1.7
1998,Aug,8,1.6
1998,Sep,9,1.5
1998,Oct,10,1.5
1998,Nov,11,1.5
1998,Dec,12,1.6
1998,Ave,NA,1.6
1999,Jan,1,1.7
1999,Feb,2,1.6
1999,Mar,3,1.7
1999,Apr,4,2.3
1999,May,5,2.1
1999,Jun,6,2
1999,Jul,7,2.1
1999,Aug,8,2.3
1999,Sep,9,2.6
1999,Oct,10,2.6
1999,Nov,11,2.6
1999,Dec,12,2.7
1999,Ave,NA,2.2
2000,Jan,1,2.7
2000,Feb,2,3.2
2000,Mar,3,3.8
2000,Apr,4,3.1
2000,May,5,3.2
2000,Jun,6,3.7
2000,Jul,7,3.7
2000,Aug,8,3.4
2000,Sep,9,3.5
2000,Oct,10,3.4
2000,Nov,11,3.4
2000,Dec,12,3.4
2000,Ave,NA,3.4
2001,Jan,1,3.7
2001,Feb,2,3.5
2001,Mar,3,2.9
2001,Apr,4,3.3
2001,May,5,3.6
2001,Jun,6,3.2
2001,Jul,7,2.7
2001,Aug,8,2.7
2001,Sep,9,2.6
2001,Oct,10,2.1
2001,Nov,11,1.9
2001,Dec,12,1.6
2001,Ave,NA,2.8
2002,Jan,1,1.1
2002,Feb,2,1.1
2002,Mar,3,1.5
2002,Apr,4,1.6
2002,May,5,1.2
2002,Jun,6,1.1
2002,Jul,7,1.5
2002,Aug,8,1.8
2002,Sep,9,1.5
2002,Oct,10,2
2002,Nov,11,2.2
2002,Dec,12,2.4
2002,Ave,NA,1.6
2003,Jan,1,2.6
2003,Feb,2,3
2003,Mar,3,3
2003,Apr,4,2.2
2003,May,5,2.1
2003,Jun,6,2.1
2003,Jul,7,2.1
2003,Aug,8,2.2
2003,Sep,9,2.3
2003,Oct,10,2
2003,Nov,11,1.8
2003,Dec,12,1.9
2003,Ave,NA,2.3
2004,Jan,1,1.9
2004,Feb,2,1.7
2004,Mar,3,1.7
2004,Apr,4,2.3
2004,May,5,3.1
2004,Jun,6,3.3
2004,Jul,7,3
2004,Aug,8,2.7
2004,Sep,9,2.5
2004,Oct,10,3.2
2004,Nov,11,3.5
2004,Dec,12,3.3
2004,Ave,NA,2.7
2005,Jan,1,3
2005,Feb,2,3
2005,Mar,3,3.1
2005,Apr,4,3.5
2005,May,5,2.8
2005,Jun,6,2.5
2005,Jul,7,3.2
2005,Aug,8,3.6
2005,Sep,9,4.7
2005,Oct,10,4.3
2005,Nov,11,3.5
2005,Dec,12,3.4
2005,Ave,NA,3.4
2006,Jan,1,4
2006,Feb,2,3.6
2006,Mar,3,3.4
2006,Apr,4,3.5
2006,May,5,4.2
2006,Jun,6,4.3
2006,Jul,7,4.1
2006,Aug,8,3.8
2006,Sep,9,2.1
2006,Oct,10,1.3
2006,Nov,11,2
2006,Dec,12,2.5
2006,Ave,NA,3.2
2007,Jan,1,2.1
2007,Feb,2,2.4
2007,Mar,3,2.8
2007,Apr,4,2.6
2007,May,5,2.7
2007,Jun,6,2.7
2007,Jul,7,2.4
2007,Aug,8,2
2007,Sep,9,2.8
2007,Oct,10,3.5
2007,Nov,11,4.3
2007,Dec,12,4.1
2007,Ave,NA,2.8
2008,Jan,1,4.3
2008,Feb,2,4
2008,Mar,3,4
2008,Apr,4,3.9
2008,May,5,4.2
2008,Jun,6,5
2008,Jul,7,5.6
2008,Aug,8,5.4
2008,Sep,9,4.9
2008,Oct,10,3.7
2008,Nov,11,1.1
2008,Dec,12,0.1
2008,Ave,NA,3.8
2009,Jan,1,0
2009,Feb,2,0.2
2009,Mar,3,-0.4
2009,Apr,4,-0.7
2009,May,5,-1.3
2009,Jun,6,-1.4
2009,Jul,7,-2.1
2009,Aug,8,-1.5
2009,Sep,9,-1.3
2009,Oct,10,-0.2
2009,Nov,11,1.8
2009,Dec,12,2.7
2009,Ave,NA,-0.4
2010,Jan,1,2.6
2010,Feb,2,2.1
2010,Mar,3,2.3
2010,Apr,4,2.2
2010,May,5,2
2010,Jun,6,1.1
2010,Jul,7,1.2
2010,Aug,8,1.1
2010,Sep,9,1.1
2010,Oct,10,1.2
2010,Nov,11,1.1
2010,Dec,12,1.5
2010,Ave,NA,1.6
2011,Jan,1,1.6
2011,Feb,2,2.1
2011,Mar,3,2.7
2011,Apr,4,3.2
2011,May,5,3.6
2011,Jun,6,3.6
2011,Jul,7,3.6
2011,Aug,8,3.8
2011,Sep,9,3.9
2011,Oct,10,3.5
2011,Nov,11,3.4
2011,Dec,12,3
2011,Ave,NA,3.2
2012,Jan,1,2.9
2012,Feb,2,2.9
2012,Mar,3,2.7
2012,Apr,4,2.3
2012,May,5,1.7
2012,Jun,6,1.7
2012,Jul,7,1.4
2012,Aug,8,1.7
2012,Sep,9,2
2012,Oct,10,2.2
2012,Nov,11,1.8
2012,Dec,12,1.7
2012,Ave,NA,2.1
2013,Jan,1,1.6
2013,Feb,2,2
2013,Mar,3,1.5
2013,Apr,4,1.1
2013,May,5,1.4
2013,Jun,6,1.8
2013,Jul,7,2
2013,Aug,8,1.5
2013,Sep,9,1.2
2013,Oct,10,1
2013,Nov,11,1.2
2013,Dec,12,1.5
2013,Ave,NA,1.5
2014,Jan,1,1.6
2014,Feb,2,1.1
2014,Mar,3,1.5
2014,Apr,4,2
2014,May,5,2.1
2014,Jun,6,2.1
2014,Jul,7,2
2014,Aug,8,1.7
2014,Sep,9,1.7
2014,Oct,10,1.7
2014,Nov,11,1.3
2014,Dec,12,0.8
2014,Ave,NA,1.6
2015,Jan,1,-0.1
2015,Feb,2,0
2015,Mar,3,-0.1
2015,Apr,4,-0.2
2015,May,5,0
2015,Jun,6,0.1
2015,Jul,7,0.2
2015,Aug,8,0.2
2015,Sep,9,0
2015,Oct,10,0.2
2015,Nov,11,0.5
2015,Dec,12,0.7
2015,Ave,NA,0.1
2016,Jan,1,1.4
2016,Feb,2,1
2016,Mar,3,0.9
2016,Apr,4,1.1
2016,May,5,1
2016,Jun,6,1
2016,Jul,7,0.8
2016,Aug,8,1.1
2016,Sep,9,1.5
2016,Oct,10,1.6
2016,Nov,11,1.7
2016,Dec,12,2.1
2016,Ave,NA,1.3
2017,Jan,1,2.5
2017,Feb,2,2.7
2017,Mar,3,2.4
2017,Apr,4,2.2
2017,May,5,1.9
2017,Jun,6,1.6
2017,Jul,7,1.7
2017,Aug,8,1.9
2017,Sep,9,2.2
2017,Oct,10,2
2017,Nov,11,2.2
2017,Dec,12,2.1
2017,Ave,NA,2.1
2018,Jan,1,2.1
2018,Feb,2,2.2
2018,Mar,3,2.4
2018,Apr,4,2.5
2018,May,5,2.8
2018,Jun,6,2.9
2018,Jul,7,2.9
2018,Aug,8,2.7
2018,Sep,9,2.3
2018,Oct,10,2.5
2018,Nov,11,2.2
2018,Dec,12,1.9
2018,Ave,NA,2.4
2019,Jan,1,1.6
2019,Feb,2,1.5
2019,Mar,3,1.9
2019,Apr,4,2
2019,May,5,1.8
2019,Jun,6,1.6
2019,Jul,7,1.8
2019,Aug,8,1.7
2019,Sep,9,1.7
2019,Oct,10,1.8
2019,Nov,11,2.1
2019,Dec,12,2.3
2019,Ave,NA,1.8
2020,Jan,1,2.5
2020,Feb,2,2.3
2020,Mar,3,1.5
2020,Apr,4,0.3
2020,May,5,0.1
2020,Jun,6,0.6
2020,Jul,7,1
2020,Aug,8,1.3
2020,Sep,9,1.4
2020,Oct,10,1.2
2020,Nov,11,1.2
2020,Dec,12,1.4
2020,Ave,NA,1.2
2021,Jan,1,1.4
2021,Feb,2,1.7
2021,Mar,3,2.6
2021,Apr,4,4.2
2021,May,5,5
2021,Jun,6,5.4
2021,Jul,7,5.4
2021,Aug,8,5.3
2021,Sep,9,5.4
2021,Oct,10,6.2
2021,Nov,11,6.8
2021,Dec,12,7
2021,Ave,NA,4.7
2022,Jan,1,7.5
2022,Feb,2,7.9
2022,Mar,3,8.5
2022,Apr,4,8.3
2022,May,5,8.6
2022,Jun,6,9.1
2022,Jul,7,8.5
2022,Aug,8,8.3
2022,Sep,9,8.2
2022,Oct,10,7.7
2022,Nov,11,7.1
2022,Dec,12,6.5
2022,Ave,NA,8
2023,Jan,1,6.4
2023,Feb,2,6
2023,Mar,3,5
2023,Apr,4,4.9
2023,May,5,4
2023,Jun,6,3
2023,Jul,7,3.2
2023,Aug,8,3.7
2023,Sep,9,3.7
2023,Oct,10,3.2
2023,Nov,11,3.1
2023,Dec,12,3.4
2023,Ave,NA,4.1
2024,Jan,1,3.1
2024,Feb,2,3.2
2024,Mar,3,3.5
2024,Apr,4,3.4
2024,May,5,3.3
2024,Jun,6,3
2024,Jul,7,2.9
2024,Aug,8,2.5
2024,Sep,9,2.4
2024,Oct,10,2.6
2024,Nov,11,2.7
2024,Dec,12,2.9
2024,Ave,NA,2.9
2025,Jan,1,3
2025,Feb,2,2.8
2025,Mar,3,2.4
